<?xml version="1.0" encoding="UTF-8"?>
<!DOCTYPE mapper PUBLIC "-//mybatis.org/DTD Mapper 3.0" "http://mybatis.org/dtd/mybatis-3-mapper.dtd">
<mapper namespace="com.terabits.mapper.BoxMapper">

<!-- 自定义返回结果集 -->

<resultMap type="com.terabits.meta.po.AdminPO" id="adminpomap">
<id property="gid" column="gid" javaType="java.lang.Integer"></id>
<result property="name" column="name" javaType="java.lang.String"></result>
<result property="password" column="password" javaType="java.lang.String"></result>
<result property="phone" column="phone" javaType="java.lang.String"></result>
<result property="email" column="email" javaType="java.lang.String"></result>
<result property="type" column="type" javaType="java.lang.Integer"></result>
<result property="city" column="city" javaType="java.lang.String"></result>
<result property="openid" column="openid" javaType="java.lang.String"></result>
</resultMap>

<resultMap type="com.terabits.meta.vo.BoxVO" id="boxmap">
<result property="mark" column="mark" javaType="java.lang.String"></result>
<result property="sitename" column="sitename" javaType="java.lang.String"></result>
<result property="activation" column="activation" javaType="java.lang.Integer"></result>
</resultMap>

<resultMap type="com.terabits.meta.vo.SiteInfoVO" id="siteinfomap">
<id property="gid" column="gid" javaType="java.lang.Integer"></id>
<result property="name" column="name" javaType="java.lang.String"></result>
<result property="address" column="address" javaType="java.lang.String"></result>
</resultMap>

<resultMap type="com.terabits.meta.po.SiteInfoPO" id="sitepomap">
<id property="gid" column="gid" javaType="java.lang.Integer"></id>
<result property="name" column="name" javaType="java.lang.String"></result>
<result property="city" column="city" javaType="java.lang.String"></result>
<result property="adminname" column="adminname" javaType="java.lang.String"></result>
<result property="adminphone" column="adminphone" javaType="java.lang.String"></result>
<result property="devicequantity" column="devicequantity" javaType="java.lang.Integer"></result>
<result property="address" column="address" javaType="java.lang.String"></result>
<result property="longitude" column="longitude" javaType="java.lang.Double"></result>
<result property="latitude" column="latitude" javaType="java.lang.Double"></result>
</resultMap>

<resultMap type="com.terabits.meta.po.BoxPO" id="boxpomap">
<id property="gid" column="gid" javaType="java.lang.Integer"></id>
<result property="imei" column="imei" javaType="java.lang.String"></result>
<result property="deviceid" column="deviceid" javaType="java.lang.String"></result>
<result property="webid" column="webid" javaType="java.lang.String"></result>
<result property="selfnumber" column="selfnumber" javaType="java.lang.String"></result>
<result property="chargetype" column="chargetype" javaType="java.lang.Integer"></result>
<result property="type" column="type" javaType="java.lang.String"></result>
<result property="mark" column="mark" javaType="java.lang.String"></result>
<result property="version" column="version" javaType="java.lang.String"></result>
<result property="status" column="status" javaType="java.lang.Integer"></result>
<result property="activation" column="activation" javaType="java.lang.Integer"></result>
<result property="siteid" column="siteid" javaType="java.lang.Integer"></result>
<result property="sitename" column="sitename" javaType="java.lang.String"></result>
<result property="simid" column="simid" javaType="java.lang.String"></result>
<result property="simremain" column="simremain" javaType="java.lang.Double"></result>
<result property="gmtcreate" column="gmtcreate" javaType="java.lang.String"></result>
<result property="gmtactivation" column="gmtactivation" javaType="java.lang.String"></result>
</resultMap>

<!-- 在各种标签中的id属性必须和接口中的方法名相同 ， id属性值必须是唯一的，不能够重复使用。parameterType属性指明查询时使用的参数类型，resultType属性指明查询返回的结果集类型-->
<!-- useGeneratedKeys：（ 仅 对 insert 有 用 ） 这 会 告 诉 MyBatis 使 用 JDBC 的getGeneratedKeys
                方法来取出由数据（比如：像 MySQL 和 SQLServer 这样的数据库管理系统的自动递增字段）内部生成的主键。默认值： false。 -->
<!--keyProperty： （仅对 insert有用）标记一个属性， MyBatis 会通过 getGeneratedKeys或者通过 insert 语句的 selectKey 子元素设置它的值。默认：不设置。 -->
<!--#{}中的内容，为占位符，当参数为某个JavaBean时，表示放置该Bean对象的属性值  -->

<!-- 1. 发送短信验证码时，验证手机号 -->
<select id="selectAdminInfoByPhone" parameterType="String" resultMap="adminpomap">
	select * from t_charge_admin where phone = #{phone}
</select>


<!-- 2. 短信验证码激活时，根据手机号，获取该用户的权限类型 ，暂时还没用到-->
<select id="selectTypeByPhone" parameterType="String" resultType="Integer">
	select type from t_charge_admin where phone = #{phone}
</select>

<!-- 3. 网点信息请求时，根据城市名，获取该城市下的网点列表 -->
<select id="selectSiteInfo" parameterType="String" resultMap="siteinfomap">
	select * from t_charge_site where city = #{city}
</select>

<!-- 4. 盒子激活信息上传时，根据网点名，获取该网点信息，用于判断该网点是否已经存在 -->
<select id="selectSiteByname" parameterType="String" resultMap="sitepomap">
	select * from t_charge_site where name = #{name}
</select>

<!-- 5. 同上，盒子激活信息上传时，根据网点名判断该网点是否已经存在 -->
<select id="checkSitename" parameterType="String" resultType="String">
	select name from t_charge_site where name = #{sitename}
</select>

<!-- sql片段对应字段名,id属性值任意 -->
<sql id="key">
	<!-- 去掉最后一个, -->
	<trim suffixOverrides=",">
		<if test="name!=null">
			name,
		</if>
		<if test="city!=null">
			city,
		</if>
		<if test="adminname!=null">
			adminname,
		</if>
		<if test="adminphone!=null">
			adminphone,
		</if>
		<if test="devicequantity!=null">
			devicequantity,
		</if>
		<if test="address!=null">
			address,
		</if>
		<if test="longitude!=null">
			longitude,
		</if>
		<if test="latitude!=null">
			latitude,
		</if>
	</trim>
</sql>

<!-- sql片段对应?,id属性值任意 -->
<sql id="value">
	<!-- 去掉最后一个, -->
	<trim suffixOverrides=",">
		<if test="name!=null">
			#{name},
		</if>
		<if test="city!=null">
			#{city},
		</if>
		<if test="adminname!=null">
			#{adminname},
		</if>
		<if test="adminphone!=null">
			#{adminphone},
		</if>
		<if test="devicequantity!=null">
			#{devicequantity},
		</if>
		<if test="address!=null">
			#{address},
		</if>
		<if test="longitude!=null">
			#{longitude},
		</if>
		<if test="latitude!=null">
			#{latitude},
		</if>
	</trim>
</sql>

<!-- 6. 盒子激活信息上传时，如果判断该网点不存在，则添加新网点 -->
<insert id="insertSite" useGeneratedKeys="true">
	insert into t_charge_site
	(<include refid="key"/>, gmtcreate, gmtmodified)
	values
	(<include refid="value"/>, now(), now())
</insert>

<!-- 7. 盒子激活信息上传时，如果判断该网点已经存在，则根据网点名，更新其他相关信息 -->
<update id="updateSiteInfoBySitename">
	update t_charge_site
	<set>
		<if test="longitude!=null and longitude !='' ">
			longitude = #{longitude},
		</if>
		<if test="latitude!=null and latitude!='' ">
			latitude = #{latitude},
		</if>
		<if test="siteLocation!=null and siteLocation!='' ">
			address = #{siteLocation},
		</if>
	</set>
	where name = #{siteName}
</update>

<!-- 8. 盒子激活信息上传时，根据设备号，更改激活状态，并更新该设备的其他相关信息 -->
<update id="updateActivation">
	update t_charge_device 
	<set>
		<if test=" chargeType !=null and chargeType !='' ">
			chargetype = #{chargeType},
		</if>
		<if test=" type != null and type !='' ">
			type = #{type},
		</if>
		<if test=" activation != null and activation !='' ">
			activation = #{activation},
		</if>
		<if test=" sitename != null and sitename !='' ">
			sitename = #{sitename},
		</if>
			gmtactivation = now()
	</set>
	where imei = #{imei}
</update>

<!-- 8.5. 充电桩二维码生成时，根据设备号，获取webid -->
<select id="selectWebIdByImei" parameterType="String" resultType="String">
	select webid from t_charge_device where imei = #{imei}
</select>

<!-- 9. 盒子解绑操作时，根据设备号，更改激活状态 -->
<update id="unbindDevice" parameterType="String">
	update t_charge_device
	set activation = 0
	where imei = #{imei}
</update>

<!-- 10. 盒子信息修改时，根据网点编号，获取该网点下的所有设备列表 -->
<select id="selectDeviceBySiteId" parameterType="Integer" resultMap="boxpomap">
	select * from t_charge_device where siteid = #{siteid}
</select>

<!-- 11. 盒子信息修改时，根据设备号，获取该设备的信息 -->
<select id="selectDevicesByImei" parameterType="String" resultMap="boxpomap">
	select * from t_charge_device where imei = #{imei}
</select>

<!-- 12. 盒子信息修改时，根据设备号，修改该设备的信息 -->
<update id="updateDeviceInfoByImei" parameterType="String">
	update t_charge_device
	<set>
		<if test=" mark != null and mark !='' ">
			mark = #{mark},
		</if>
		<if test=" sitename != null and sitename !='' ">
			sitename = #{sitename},
		</if>
		siteid = (select gid from t_charge_site where name = #{sitename})
	</set>
	where imei = #{imei}
</update>


<!-- 13. 盒子信息修改时，获取城市列表，专为超级管理员提供 -->
<select id="selectCity" resultType="String">
	select distinct city from t_charge_site where city is not null and city > ""
</select>

<!-- 14. 盒子信息修改时，获取网点列表，专为超级管理员提供 -->
<select id="selectSitename" resultType="String">
	select name from t_charge_site
	<where>
	name is not null and name > ""
		<if test="city != null and city !='' ">
			and city = #{city}
		</if>		
	</where>
</select>

<!-- 15. 盒子信息修改时，根据网点名称，获取该网点下的设备列表，专为超级管理员提供 -->
<select id="selectDevicesBySitename" resultMap="boxmap">
	select * from t_charge_device where sitename = #{sitename}
</select>

</mapper>