<?xml version="1.0" encoding="UTF-8" ?>
<!DOCTYPE configuration
        PUBLIC "-//mybatis.org//DTD Config 3.0//EN"
        "http://mybatis.org/dtd/mybatis-3-config.dtd">
<configuration>
    <!-- development:开发模式     work:工作模式 -->
    <environments default="development">
        <environment id="development">
            <transactionManager type="JDBC" />
            <dataSource type="POOLED">
                <property name="driver" value="com.mysql.jdbc.Driver" />
                <property name="url" value="jdbc:mysql://localhost:3306/test?useUnicode=true&amp;characterEncoding=UTF-8&amp;allowMultiQueries=true"/>
                <property name="username" value="root" />
                <property name="password" value="545253234" />
                <!-- 在任意时间存在的活动（也就是正在使用）连接的数量 -->
                <property name="poolMaximumActiveConnections" value="20"/>
                <!-- 任意时间存在的空闲连接数 -->
                <property name="poolMaximumIdleConnections" value="5"/>
                <!-- 在被强制返回之前，池中连接被检查的时间 -->
                <property name="poolMaximumCheckoutTime" value="2000"/>
            </dataSource>
        </environment>
    </environments>

    <mappers>
        <mapper resource="BoxMapper.xml" />
    </mappers>

</configuration>